URL,Last crawled
https://www.conditionhealthy.com/trials/migraine/lakewood-co,2026-02-09
https://www.conditionhealthy.com/trials/arthritis/syracuse-ny,2026-02-09
https://www.conditionhealthy.com/trials/arthritis/grove-city-pennsylvania,2026-02-09
https://www.conditionhealthy.com/trials/eczema/augusta-richmond-county-ga,2026-02-09
https://www.conditionhealthy.com/trials/psoriasis/hoover-al,2026-02-09
https://www.conditionhealthy.com/trials/psoriasis/topeka-ks,2026-02-09
https://www.conditionhealthy.com/trials/eczema/lakewood-co,2026-02-09
https://www.conditionhealthy.com/trials/eczema/tacoma-wa,2026-02-09
https://www.conditionhealthy.com/trials/eczema/hagerstown-md,2026-02-09
https://www.conditionhealthy.com/trials/psoriasis/augusta-richmond-county-ga,2026-02-09
https://www.conditionhealthy.com/trials/psoriasis/clarksville-tn,2026-02-09
https://www.conditionhealthy.com/trials/migraine/jacksonville-north carolina,2026-02-09
https://www.conditionhealthy.com/trials/diabetes/sacramento-california,2026-02-09
https://www.conditionhealthy.com/trials/arthritis/scottsdale-arizona,2026-02-09
https://www.conditionhealthy.com/trials/eczema/boston-massachusetts,2026-02-09
https://www.conditionhealthy.com/trials/arthritis/newport-news-va,2026-02-09
https://www.conditionhealthy.com/trials/psoriasis/newport-news-va,2026-02-09
https://www.conditionhealthy.com/trials/migraine/fayetteville-nc,2026-02-09
https://www.conditionhealthy.com/trials/migraine/fort-collins-co,2026-02-09
https://www.conditionhealthy.com/trials/diabetes/chattanooga-tn,2026-02-09
https://www.conditionhealthy.com/trials/arthritis/beaverton-or,2026-02-09
https://www.conditionhealthy.com/trials/arthritis/rochester-mn,2026-02-09
https://www.conditionhealthy.com/trials/eczema/hillsboro-or,2026-02-09
https://www.conditionhealthy.com/trials/migraine/savannah-ga,2026-02-09
https://www.conditionhealthy.com/trials/migraine/montgomery-al,2026-02-09
https://www.conditionhealthy.com/trials/diabetes/dayton-oh,2026-02-09
https://www.conditionhealthy.com/trials/diabetes/clarksville-tn,2026-02-09
https://www.conditionhealthy.com/trials/psoriasis/syracuse-ny,2026-02-09
https://www.conditionhealthy.com/trials/arthritis/carmel-in,2026-02-09
https://www.conditionhealthy.com/trials/arthritis/kenosha-wi,2026-02-09
https://www.conditionhealthy.com/trials/eczema/mobile-al,2026-02-09
https://www.conditionhealthy.com/trials/psoriasis/huntsville-al,2026-02-09
https://www.conditionhealthy.com/trials/psoriasis/ann-arbor-mi,2026-02-09
https://www.conditionhealthy.com/trials/arthritis/albany-ny,2026-02-09
https://www.conditionhealthy.com/trials/diabetes/rochester-mn,2026-02-09
https://www.conditionhealthy.com/trials/migraine/paterson-nj,2026-02-09
https://www.conditionhealthy.com/trials/diabetes/lakewood-co,2026-02-09
https://www.conditionhealthy.com/trials/migraine/rockville-md,2026-02-09
https://www.conditionhealthy.com/trials/diabetes/hillsboro-or,2026-02-09
https://www.conditionhealthy.com/trials/psoriasis/warren-mi,2026-02-09
https://www.conditionhealthy.com/trials/diabetes/warren-mi,2026-02-09
https://www.conditionhealthy.com/trials/migraine/lawton-ok,2026-02-09
https://www.conditionhealthy.com/trials/diabetes/appleton-wi,2026-02-09
https://www.conditionhealthy.com/trials/arthritis/duluth-mn,2026-02-09
https://www.conditionhealthy.com/trials/eczema/knoxville-tn,2026-02-09
https://www.conditionhealthy.com/trials/arthritis/warren-mi,2026-02-09
https://www.conditionhealthy.com/trials/arthritis/eugene-or,2026-02-09
https://www.conditionhealthy.com/trials/eczema/nampa-id,2026-02-09
https://www.conditionhealthy.com/trials/psoriasis/kenosha-wi,2026-02-09
https://www.conditionhealthy.com/trials/psoriasis/pocatello-id,2026-02-09
https://www.conditionhealthy.com/trials/eczema/savannah-georgia,2026-02-09
https://www.conditionhealthy.com/trials/psoriasis/independence-mo,2026-02-09
https://www.conditionhealthy.com/trials/arthritis/bloomington-mn,2026-02-09
https://www.conditionhealthy.com/trials/migraine/rochester-minnesota,2026-02-09
https://www.conditionhealthy.com/trials/eczema/fayetteville-nc,2026-02-09
https://www.conditionhealthy.com/trials/eczema/shreveport-la,2026-02-09
https://www.conditionhealthy.com/trials/migraine/darien-connecticut,2026-02-09